label,comment_processed
1,非常 喜欢 石窟 艺术 佛像 震撼 慈祥 眼缘 
0,工作人员 素质 低 检票 工作人员 素质 有待 提高 
1,天气 比较 凉爽 整体 游玩 不错 一个 人去 走走停停 大概 小时 寺 环境 讲解 作用 一个 人盲 长见识 信号 不错 不怎么 费 流量 其实 
1,最牛 寺庙 没有 
1,已经 第二次 老君山 游玩 游玩 赶上 下雨 体会 云海 美景 云雾 缭绕 步入 仙境 再次 领略 老君山 美 以后 机会 时间 还会 再次 老君山 老君山 游玩 
0,白马寺 洛阳 比较 著名 一个 景点 中国 著名 佛教 名刹 取名 白马 印度 托经 了解 中国 佛教 发展 历史 建筑史 帮助 一个 地方 旅游 高峰 时节 人流 如梭 川流不息 门票 便宜 中国 景区 通病 
1,非常 有名 景点 游客 非常 
1,风景 挺 做 第一段 索道 山 两个 小时 走 山顶 属于 走 边玩 类型 山顶 下雨 赶紧 坐 索道 下山 据说 两天 时间 考虑 第一晚 住 山上 第二天 日出 
1,导游 王金芳 服务 热情周到 讲解 细致 内容 丰富 非常 满意 
0,建议 夜 爬 晚上 几乎 交通工具 不开 双腿 盘山公路 巴士 坐地 起价 白天 绝对 价 山上 物价 倒 高 理解 明明 一趟 车 走 完 路 非要 用趟 车才行 希望 景点 巩固 一下 系统 游玩 流程 希望 纯 爬 花钱 坐车 坐 缆车 现在 花钱 出力 喜欢 厕所 希望 开放 几个 卫生 景色 美的 夜 爬 看到 星星 
1,感觉 唐朝 盛世 工匠 门 伟大 值得 没有 白 去一趟 推荐 
1,天高 云淡风轻 峰林 嵯峨 峥嵘 栈道 长空 孤悬 一步 一景 正道 景室 不墨 千秋 画 李耳 老 万年青 老君山 十里 画屏 晚秋 印象 
1,青春 没有 售价 年轻 逛逛 
0,抖音 火 炒作 不配 
1,非常 壮观 历史 瑰宝 建议 导游 讲解 更 深入 了解 历史 涵义 
1,使用方便 价格便宜 
1,白马寺 门票 元 旺季 淡季 里面 景色 优美 佛教文化 浓郁 
1,导游 讲解 详细 生动 态度 小朋友 耐心 
1,景色 不错 一家人 游玩 全程 缆车 走 三 小时 
1,年 前去 一次 龙门石窟 景区 很小 买票 进入 几分钟 看到 卢舍那 大佛 完 之后 出 景区 龙门石窟 景区 很多 需要 坐 电瓶车 景区 里 开发 很多 新景点 王池 摩崖 三佛 万佛洞 完 西山 石窟 套票 里 东山 石窟 香山寺 白园 参观 慢慢 逛 差不多 需要 一天 时间 尤其 西山 石窟 洞窟 太多 值得一看 
1,风景秀丽 气候宜人 索道 太 分开 索道 票 太贵 坐太累 坐 太贵 隐形 强制 附加 消费 
1,老君山 应该 两年 红 起来 一个 景点 周末 非常 多有 时间 条件 建议 非 周末 车 直接 开进 景区 里面 很多 大大小小 停车场 停 索道 入口处 旁边 景区 共有 两级 索道 建议 购买 第二个 索道 下来 金顶 走 一个多 小时 腿 第二个 索道 下来 之后 走 半小时 左右 一个 电 直达 金顶 电梯 乘坐 节省 半个 小时 时间 觉得 意义 没有 购买 这天 刚好 小雨 山上 云雾 缭绕 景 不错 觉得 一次 就够 没有 再次 欲望 山上 厕所 很脏 这点 景区 匹配 建议 学学 九寨沟 管理 
1,好好 好好 靓靓 好好 好好 好好 好好 好好 好好 好好 好好 好好 好好 好好 好好 好好 好好 好好 好好 好好 好靓靚靓 好好 好好 好好 好好 好好 好好 好好 好好 好好 好好 
1,中国 第一 古刹 风景如画 值得一看 
1,白马寺 中国 第一 古刹 世界 著名 伽蓝 佛教 传入 中国 兴建 第一座 官办 寺院 中国 佛教 祖庭 释源 之称 现存 遗址 古迹 元明清 时所留 值得 看看 了解 知识 
1,龙门石窟 不虚此行 很棒 洛阳 景点 卢舍那 大佛 震撼 名不虚传 
1,卢舍那 大佛 漂亮 
1,地方 周边 环境 非常 不错 
1,老君山 景区 天下 名山 道教 胜地 山景 维奇 生态 完美 世界 地质公园 国家级 生态旅游 风景区 老君山 脱落 峰林 举世无双 
0,中国 第一个 皇家 寺庙 环境 非常 不错 看看 
1,推荐 行比 看好 
1,不愧 千年 古刹 进去 一种 庄严 肃静 感觉 
0,天气 太热人 
1,十三 古都 千年 古刹 洛阳 必去 景点 新修 缅甸 泰国 印度 三国 朝拜 建筑 礼佛 圣地 
1,龙门 不远 一块 打车 不贵 
1,地方 挺不错 风景 挺 看看 
1,一次 一个 旅行 一次 说走就走 旅行 次 沉淀 下来 旅行 
1,非常 值得 一个 景点 消费 包括 山上 非常 合理 非常 诚意 
1,不错 
1,山 不见 自见 山远 赴 人间 惊鸿 宴 一睹 仙山 盛世 颜 值得 一去 登顶 感觉 一起 值 
1,白马寺 香火 鼎盛 人气 十足 一去 
1,风景 美 摄影 爱好 徒步 爱好 旅游 人士 天堂 
0,洛阳 玩 地方 不多 推荐 
1,性价比 高 一个 景区 坐坐 
0,带 小朋友 西北 门进 走 一圈 刚好 人山人海 路太远 走 累 
1,历史 遗迹 壮观 
1,李导 解说 十分 细致 点赞 
1,导游 不错 专业 服务态度 相当 
1,哈哈哈 哈哈哈 
1,洛阳 值得 一去 地方 
1,白马寺 绝对 值得 推荐 中国 第一家 皇家 寺庙 历史悠久 绝对 值得 推荐 
1,很大 古典 神圣 虔诚 跪拜 白马寺 应该 全国 寺庙 规模 比较 国外 佛教 值得 一去 
1,这是 一座 御封 名山 据传 一处 老子 隐居 山水 胜境 两千年 道教 浸润 赋予 这座 大山 厚重 文化 内涵 有着 峰林 仙境 之称 洛阳 老君山 
1,老君山 洛阳 值得 一去 地方 建议 坐中灵 索道 加 峰林 索道 直接 老君山 精华 部分 十里 画廊 金顶 道观 山里 云海 雾气 变化多端 留出 足够 时间 大雾 需要 等待 
1,不错 
1,龙门石窟 名不虚传 
1,洛阳 栾川 老君山 景色 优美 性价比 高 选择 下午 上山 坐 第一个 索道 中 天门 步行 上山 十里 画坪 必看 景色 叹为观止 傍晚 时分 金顶 道观 群在 满天飞 红 晚霞 中 格外 壮观 金碧辉煌 如能 碰上 云海 真的 超值 
1,服务周到 讲解 细致 家人 非常 满意 
1,第一次 老君山 真是 意想不到 享受 收获 天是 蓝云 白 空气 特别 清新 舒服 真是 天然 氧吧 第二天 一大早 坐 缆车 上山 看到 眼前 景色 激动 真是太 美 仿佛 来到 云彩 里 眼前 云雾 迷漫 真是 人间仙境 走 十里 画屏 景色 更是 迷恋 陶醉 无法 语言 表达 出 心中 惊喜 走 一路 刷 一路 朋友圈 朋友 想来 玩 真是 没有 白来 上山 下山 走 平路 很少 台阶 玩 下来 一点 不累 
1,感觉 棒棒 哒 
1,白马寺 洛阳 行程 计划 中 想想 白马寺 渊源 历史 忍不住 一趟 做 盛唐 武周 时期 名寺 中华 佛教文化 历史 文化 中 高 地位 古寺 郁郁葱葱 充满 厚重 历史感 新增 异域 佛教 建筑 破坏 这份 历史 沉淀 
1,洛阳 总要 看看 古人 鬼斧神工 
0,感觉 不值 票价 
0,老君山 景区 很漂亮 想 坐 缆车 排队 早点 左右 缆车 乘车 点 最好 段 缆车 往返 均 乘坐 省 不少 力气 
1,讲解 马丹阳 美女 讲解 挺 细致 随身带 细节 历史 照片 方便 了解 石窟 后面 更 故事 
0,很多 里面 物价 稍 高 
1,龙门石窟 始凿 北 魏孝文帝 迁都 洛阳 公元 年 后来 历经 东魏 北齐 北周 唐至宋 朝代 连续 大规模 营造 达 余年 久 密布 两山 峭壁 南北 长 达 公里 共有 余尊 佛像 多个 石窟 现存 窟 龛 题记 碑刻 余品 佛塔 余座 造像 万余尊 最大 佛像 高达米 最小 仅 厘米 体现 出 我国 古代 劳动 人民 高 艺术 造诣 
1,很多 佛像 清晰 身体 头部 不见 非常 可惜 景区 提个 小小 建议 游览车 不能 游 完 西山 石窟 地方 设个 停车位 西山 走 回 门口 真的 太远 
1,艺术 瑰宝 震撼 敬仰 
1,洛阳 第一站 龙门石窟 原本 定 点进 预约 讲解 拼团点 开团 庆幸 最后 一波 游玩 避免 白天 闷热 日晒 携程 预订 大象 旅游 郑小辉 讲解 认真负责 全程 互动 颇 风趣 期待 明天 洛博之行 
1,关羽 首级 埋葬 点 古建筑 历史 意义 
1,龙门石窟 值得 参观 鲤鱼 跳龙门 传说 外 值得 关注 地方 以下几点 第一 值得 观看 卢舍那 大佛 这是 当年 武则天 出资 修建 大佛 面容 武则天 容貌 仪态 雕刻 第二 曾经 皇家 供奉 寺院 孝文帝 冯太后 凿 古阳洞 李泰为 长孙 皇后 造 宾阳 南洞 贵妃 资助 凿 敬善 寺 高力士 唐玄宗 造 无量 寿佛 第三 当年 侵略者 盗窃 留下 众多 痕迹 第四 大量 碑刻 更 了解 历史 
1,第一段 缆车 必须 坐 上山 第二段 缆车 坐 体验 爬山 乐趣 十里 画屏 视野 开阔 时间 没有 看到 云海 山上 挺 凉快 日 落后 温度 下降 很快 下山 太累 选择 坐 两道 缆车 下山 九月份 十月份 选择 山上 过夜 外套 可带 可不 带 
1,三个 女人 说走就走 短途旅行 三个 小时 车程 到达 目的地 门票 加 第一道 索道 往返 每人 元 觉得 有点 便宜 开车 进 景区 第一个 索道 找 吃 中午 吃 鸡蛋 面 不错 味道 景区 索道 上去 行 一半 景色 真好 全是 雪 回头 没雪 分明 有点 兴奋 第二个 索道 元 想想 继续 坐 景色 美 雾 点 全是 白皑皑 一片 很多 夏天 山顶 景色 真 美 有点 凉凉的 值得 
1,挺好玩 关公 爷 墓地 很大 值得 游玩 
1,风光 依旧 美在 内含 爱 一草一木 中国 寺庙 杰出 典范 
1,房间 干净 老板 热情 性价比 高 景色 不错 景区 方便 老板 点 
1,扫描 换票 服务设施 完备 老年人 坐 二程 索道 体力 走 完 十里 画廓 全程 走走停停 环线 花 小时 没 回头路 
1,没 看到 老君山 雪景 日落 日出 著名 金顶 道观 群 夜景 有缘 正月初 九 玉皇大帝 诞辰 这天 登上 玉皇顶 拜 拜 一切都是 最好 安排 
1,洛阳 白马寺 中国 第一 古刹 位于 河南省 洛阳 老城 以东 公里 处 始建 东汉 永平 十一年 公元 年 世界 著名 伽蓝 佛教 传入 中国 兴建 第一座 寺院 洛阳 白马寺 建立 之后 中国 僧院 便 泛称 寺 洛阳 白马寺 认为 中国 佛教 发源地 中国 佛教 祖庭 释源 之称 洛阳 白马寺 距今已有 多年 历史 占地面积 约 现存 遗址 古迹 元明清 时所留 寺 保存 大量 元代 夹 纻 干漆 造像 三世佛 二天 十八罗汉 弥足珍贵 
1,网上 订票 方便 不用 下车 工作人员 站 路边 直接 扫码 景色 美 值得 一去 十一 赶上 下雪 雹子 冷 趣味 十里 画屏 非常 美 日出 天天 看到 总体 超赞 景色 不错 
1,游玩 时间 约个 小时 停车场 特别 小路 开阔 正在 拆迁 改造 烧香拜佛 没 必要 
1,登上 山顶 时 一览 众山 感觉 实在 太棒了 
1,景色 很美 景区 套路 太深 几里 路 不让 开车 进坐 景点 车 来回 钱 主要 里面 停车场 没满 
1,真的 美 
1,景美 管理 有序 有条不紊 不亏 五 景区 
1,值得 比较 震撼 带 家人 一起 比较满意 
1,一座 古老 寺院 值得 前往 参观 
0,观光车 设置 不合理 观光车 两段 路 块钱 块钱 路程 短短 三四 公里 路 
1,奇冠 三山 秀压 五岳 峰林 仙境 十里 画屏 
1,非常 壮观 值得 参观 
1,非常 值得 一游 一看 景点 古柏 参天 大庙 宏伟 陵墓 悲壮 关羽 享有 帝王 尊贵 等级 具有 忠义 勇猛 盖世英雄 后人 称赞 仰慕 历史 恢宏 人物 英名 景区 好点 赞点 赞 
1,值得 一游 价格 合适 
1,一览 众山小来 登 老君山 山水 风光 无限 
0,酒店 价格 高 
0,洛阳桥 白马寺 中国 第一 古刹 位于 河南 洛阳 
0,景区 美 漂亮 
0,入住 景区 酒店 离店 不好 打车 上山 下山 徒步 明确 导向 标 容易 混乱 
1,风景 不错 有雾 没 看不到 可惜 
1,龙门石窟 造像 多为 皇家 贵族 所建 世界 绝无仅有 皇家 石窟 主要 武则天 容貌 雕刻 卢舍那 大佛 孝文帝 冯太后 凿 古阳洞 兰陵王 孙于 万佛洞 造像 李泰为 长孙 皇后 造 宾阳 南洞 贵妃 凿敬善 寺 高力士 唐玄宗 造 无量 寿佛 经历 天竺 新罗 吐火罗 康国 外国人 开窟 造像 发现 欧洲 纹样 古希腊 石柱 堪称 全世界 国际化 水平 最高 石窟 
1,云雾 飘渺 爬 雪松 群峰 压君 扶冰 遥霜龙 炽霞 层林染 银潭 飞瀑 绿潺 
1,一个 字 中 问题 问 
0,想 规模 毕竟 始祖 佛教 兴盛 建设 比较 规格 仿制 印度 缅甸 泰国 佛阁 有点 画蛇添足 
1,关公 忠义 诚信 化身 看到 威武雄壮 身躯 手上 大刀 肃然起敬 
1,龙门石窟 旅游 景区 一个 不错 地方 值得 期待 
0,香火 很旺 尤其 过年 期间 最近 重新 整修 更 看头 
1,门票 里面 挺大 第一 古刹 印度 泰国 缅甸 佛教 庙宇 里面 博物馆 白马寺 历史 讲解 清楚 可惜 有点 晚 景点 没看 风水宝地 意义 
0,服务 差 厕所 山上 提供 开水 只来 一次 感觉 老 界岭 比着 强多 老 界岭 服务 提供 开水 环境 
1,值得 大佛 很漂亮 壮观 
1,适逢 大雨 人头攒动 依然 感觉 景色 如画 十里 画屏 名不虚传 道教 圣地 老子 悟道 处道 文化 源远流长 索道 车 比较 贵加 门票 人均 
1,一定 下雪 真的 美 
1,风景优美 特别 值得 爱 
1,走 受苦 殿 后面 公厕 下面 小路 上山 刺激 主要 人少 
1,携程 上定 景点 卖 便宜 多块 提醒 上山 一定 带 好吃 水 买 瓶 红牛 块钱 一瓶 贵 离谱 头 一次 花 贵 昨天 龙门石窟 花 块钱 一瓶 发现 河南 消费 高 至少 景点 点 做 索道 做 中灵 往返 闲累 中灵 索道 索道 单程 老公 花 小时 游 完风 很大 吹 拿个 登山 穿 舒服 鞋边 走 边玩 吃 补充 体力 可能 季节 特别 凄凉 十里 画屏 壮观 金殿 害怕 高 山 感觉 原来 厉害 属于 道教 壮观 河南 觉得 最好 景点 可能 很多 知道 说 一下 电瓶车 块钱 检票口 走过 检票口 花 块钱 坐 一个 电瓶车 问 当地人 管理 很多 当地人 坐 给钱 出 电瓶车 生活 发几张 拍 图 
1,开车 自驾游 洛阳 牡丹 龙门石窟 少林寺 一条线 
1,龙门 雕像 精美 震撼 交通 方便 火车站 路元 遇到 洛阳人 友善 一次 体验 只能 说 不虚此行 
1,电子 导游 机 个人 觉得 需要 导游 服务 差不多 值得 推荐 
1,不错 玩 开心 景色 真的 十分 庄严 壮观 值得 一次 过年 人太多 建议 错峰 出行 真的 
1,值得 一去 地方 风景 好离 洛阳 市区 一百多公里 栾川 方便 景区 管理 不错 山 本来 陡峭 景区 规划 一下 修 栈道 感觉 平顺 景点 看到 景区 索道 总得来说 不错 
1,洛阳 必 打卡 景点 地方 不大看 历史 
1,入园 方便 免去 排队 买票 麻烦 不错 体验 了解 佛教文化 变迁 普通人 求神拜佛 简单 愿望 见证 石匠 工人 精湛 雕刻 技术 
1,不错 样子 
1,有名 寺庙 少林寺 
1,第二次 依然 会 感叹 古人 智慧 了不起 技艺 牡丹 节 人山人海 台阶 有点 害怕 
1,牡丹 文化节 期间 游客 还好 上午 点入 园排 一会 队 请 讲解 推荐 听 讲解 了解 很多 细节 以内 元 划算 
1,值得一看 规模 古人 智慧 有点 损坏 可惜 洛阳 不愧 十三 古都 
1,走 非常 累 需要 预留 差不多 小时 挺 里面 佛像 壮观 很多 没有 头 看着 觉得 可惜 下午 点 入场 点后 开灯 风景 真的 美 太累 晚上 没有 开灯 回去 东区 不看 爬 累 没什么 
1,比较 值得 最好 请 导游 
0,太热 心情 没有 主要 人太多 
1,非常 值得 一去 尤其 大雄殿 十八罗汉 工艺 国内 寺庙 没法 缅甸 区 玉佛 值得一看 
0,白马寺 看看 中国 第一 官办 寺院 
1,总体 非常 满意 体验 感 不错 非常 值得 推荐 服务 便捷性 高 今后 还会 使用 携程 服务 非常 值得 推荐 
1,特色 风景区 值得 看一看 
1,看看 领略 一下 中国 古代 文艺创作 震撼 注意 防晒 龙门石窟 位于 河南省 洛阳市 世界 造像 规模 最大 石刻 艺术 宝库 联合国教科文组织 评为 中国 石刻 艺术 最高峰 
1,值得 推荐 景色 不错 体验 
0,天气 热 建议 夏天 体验 太差 没 办法 细看 人多 暴热 
1,景区 索道 排队 管理 非常 混乱 见 管理 最差 乘坐 闸口 只顾 刷票 放人 导致 乘坐 平台 人满为患 每个 索道 轿厢 规定 坐 个人 平台 轿厢 蜂拥而上 人挤 极其 危险 希望 景区 好好 管理 一下 造成 恶性事故 
1,不赖 不赖 真 不赖 中国 第一 寺庙 
1,非常 美好 
1,白马寺 位于 河南省 洛阳 老城 以东 公里 处 创建 东汉 永平 十一年 公元 年 中国 第一 古刹 世界 著名 伽蓝 佛教 传入 中国 兴建 第一座 寺院 中国 佛教 祖庭 释源 之称 距今已有 多年 历史 现存 遗址 古迹 元明清 时所留 寺 保存 大量 元代 夹 纻 干漆 造像 三世佛 二天 十八罗汉 弥足珍贵 
1,景色 不错 有趣 好玩 性价比 高 总体 超赞 
1,中国 第一个 佛教 寺院 象征意义 非凡 大法 西 白马 教称 首寺 佛光 东渐 宝莲 遍 中华 
1,喧闹 景点 相比 觉得 关林 更 适合 慢慢 细细 游 绿树 掩映 内庭 曲径 小路 环绕 外院 值得 转一转 
1,寺庙 没有 太 不同 第二次 修 外籍 寺庙 
1,风景 超赞 不虚此行 一步 一步 爬 山顶 满满的 成就感 索道 性价比 高 坐 超值 喜欢 现在 山顶 看着 山下 层峦叠嶂 山峰 自豪 
1,龙门石窟 行 非常 精彩 北魏 时期 雕刻 柔美 飘逸 唐代 石刻 精美 华丽 好似 古人 隔 千年 进行 一场 对话 讲解 老师 张俊晖 讲述 很多 石刻 背后 历史 故事 受益匪浅 非常 开心 
1,很漂亮 一座 寺庙 这是 供奉 不错 
1,老君山 景色 优美 山势 怪石 松树 黄山 七分 神似 黄山 算是 黄山 特色 一组 位于 山顶 极 优美 道观 群 包括 三座 金顶 两座 传统 道观 金顶 分立 三座 山峰 之巅 两高 对称 一矮成 犄角之势 高低 错落 组成 一个 标准 对称 三角形 简直 造化 天成 圣斧 神工 极 适合 拍照 山顶 温度 山脚 低 十几 度 想必 夏天 老君山 一定 避暑 纳凉 好去处 住 半山腰 摄影 主题 酒店 环境 不错 酒店 走廊 楼梯 客房 餐厅 展览 空间 布满 获奖 老君山 摄影 作品 房间 里 老板 省 摄影 协会 个人 摄影 作品 游客 一次 欣赏 四季 美景 大大 弥补 不能 成仙 常驻 此山 遗憾 攻略 半山 酒店 一定 提早 预定 可能 空留 遗憾 金顶 无人机 航拍 一次 元 强烈推荐 航拍 将山 陡峭 险峻 巍峨 耸立 道观 群 大气磅礴 恢弘 气度 立于 山巅 征服 大地 一览 众山 豪迈 气魄 直截了当 无可辩驳 方式 展示 成为 旅行 点睛之笔 有趣 好玩 景色 不错 总体 超赞 
1,不错 赶上 晴天 风景 很美 值得 山上 很多 住宿 选择 山下 酒店 第二天 早上 开车 进 景区 方便 
1,历史 古迹 值得一看 
1,老君山 金顶 耀日 令人 叹为观止 
1,非常 值得 地方 
1,老君山 古号 景室 山因 东周 道家 始祖 老子 归隐 修炼 得名 马鬃岭 八百里 伏牛山 主峰 海拔 米 老君山 山体 千姿百态 群峰 竞秀 拔地 通天 气势磅礴 老君山 道教 文化 源远流长 北魏 时建 老君庙 陆续 建成 灵官殿 淋醋 殿 救苦 殿 老君庙 道德 府 庙宇 群落 老君 山顶 太清观 始建 于北魏 历代 重修 明朝 最为 鼎盛 千百年来 老君山 一直 陕皖 地众 香客 朝拜 中原 道教 圣地 年 老君山 鸡冠 洞 联合 获批 国家级 旅游 景区 国家级 自然保护区 伏牛山 世界 地质公园 
1,洛阳 不会 失望 完 
1,一个 适合 带 孩子 家人 游玩 地方 
1,值得 来看 一看 地方 中国 首座 寺庙 
0,黄黄的 黄河水 汇入 一起 泄下 比较 壮观 雄伟 
1,谢谢 
1,洛阳 必去 打卡 地点 
1,中国 四大 窟 风化 比较严重 
1,中国 第一 古刹 白马寺 名气 之大 如雷贯耳 里面 游客 不算 太多 非常 亲近 没有 讲解 感觉 非常 从从容容 半天 时间 了解 白马寺 敌人 节目 一个 真的 满意 
1,非常 
1,景色 不错 值得 推荐 
1,景色 不错 避暑胜地 玩 
0,安徽 出发 自驾 俩 高速 路口 住宿 景区 分钟 车程 早上 九点 出发 开车 抵达 买票 口 门票 第一段 索道 一回 一人 第二段 索道 抵达 中 天门 选择 继续 坐 索道 山顶 爬山 爬上去 全程 半小时 多到 山顶 很累 山顶 金殿 下雪 应该 好看 那天 太阳 山顶 拍照 完 下山 不用 介绍 索道 步行 没有 消费 项目 其实 衣服 不用 刻意 穿太厚 正常 穿着 就行 会 出汗 衣服 太厚 爬山 更累 帽子 口罩 手套 必不可少 三样 装备 一定 不然的话 会 刺激 安徽 利辛 出发 自驾 一回 俩 消费 包含 费用 
0,周边环境 不太好 纯粹 中国 历史 文化 遗存 东西 放在 一起 不伦不类 个人观点 
1,讲解 非常 专业知识 丰富 
1,前段时间 儿子 班 老师 同学 一起 白云山 研学游 拍 照片 挺不错 儿子 树枝 制作 画 说 认识 不少 动植物 感觉 挺 值得 可能 有点 遗憾 儿子 说 地质博物馆 没 开门 没法 参观 挺 开心 很值 
0,价格 有点 高 
0,现在 佛门 圣地 问题 没有 佛教 神圣 神秘 剩下 弥漫 铜臭味 难怪 说 菩萨 真的 和尚 假 方丈 大师 活佛 成 高官 大款 座上宾 讲法 论道 普度众生 
1,景色 名不虚传 空气质量 优良 值得 一去 地方 
1,白马寺 中国 佛教 地位 高 多年 历史 洛阳 不能不 地方 
1,儿时 第一次 出行 龙门石窟 寒假 带 孩子 看看 小时候 回忆 龙门石窟 不虚此行 
1,讲解员 非常 热情 
1,人太多 值得一看 
1,历史 文化 悠久 值得一看 
1,美的 景色 可惜 有点 雾 距离 市区 近 坐 公交 方便 很快 山上 景点 不少 黄山 感觉 值得 一去 异地 旅游 交通 建议 走 洛阳 建议 走 郑州 
1,景色 秀丽 独特 魅力 枉 此行 尤其 河南 优惠政策 人性化 
1,白云山 地方 旅途 值得 留恋 时光 怀念 回忆 
1,朋友 喜欢 比起 景色 比较 历史 意义 
1,白马寺 整个 寺庙 坐北朝南 一长形 院落 总面积 约 万平方米 主要 建筑 天王殿 大佛殿 大雄宝殿 接引 殿 毗 卢阁 均列 南北向 中轴线 
1,佛教 圣地 主要 门票 便宜 元 喜欢 齐云塔 围着 塔转 三圈 可保 家人 健康 平安 唐代 名 相 狄仁杰 陵墓 寺院 里 
1,景色 壮观 
1,景区 太 全程 索道 走 远 真 好看 
1,拜神 礼佛 心诚则灵 希望 一位 游客 心想事成 
1,龙门石窟 私人 小车 送到 关林庙 不太远 一人元 方便 值 整个 景区 四十分钟 左右 转完 值得 一游 
0,很差 难得 去一趟 顺便 看看 没什么 亮点 
1,简单 洛阳 老君山 一日游 早上 起来 吃 早饭 以后 直接 前往 景区 进去 买票 当时 下着雨 买 完票 以后 景区 门口 观光车 停 一会 一辆 出租车 检票口 门口 买 中灵 索道 票 检票口 中灵 索道 一段距离 天气 不好 索道 看不到 建议 中灵 索道 一定 做 走 消防通道 很远 没有 风景 中 天门 很长 楼梯 感觉 非常 累 下面 下雨 上面 下雪 非常 上面 不算 一起 同行 途中 看不到 风景 上面 真的 冷来 一定 穿厚 点 总 感觉 不错 天气 风景 希望 下次 晴天 
1,一定 找 人工 讲解 
1,人间仙境 值得 打卡 地方 美丽 壮观 
1,景色 不错 性价比 高 有趣 好玩 总体 超赞 
1,下雨天 不算 整个 白马寺 气氛 挺 烧香 挺 景色 幽致 心旷神怡 寺院 一边 建设 很多 国际 风味 寺院 里面 没什么 挺 空旷 白马寺 舍利塔 一个 院落 里 需要 走 一段路 
1,來洛陽 牡丹 白馬寺 列為 必游 朋友 領下 冒雨 白馬寺 白馬寺 坐落 洛陽市 東邊 佛教 傳入 中國後有 朝廷 出資興建 第一座 寺院 中國 第一 古剎 美譽 一座 還想 寺 不過 貌似 交通 方便 
1,正好 赶上 阴天 本来 凉爽 老君山 更 冷 景色 优美 缆车 非常 方便 建议 两端 缆车 坐 节省 体力 
1,一家人 五一 一起 玩 第一天 龙门石窟 万多座 石窟 震撼 确实 值得 一趟 景区 干净 卫生 物价 比较 便宜 六十岁 老人 米 小孩 需要 买票 值得 点赞 
1,高姓 导游 讲解 通俗易懂 内容 广泛 身体 不适 情况 坚持 游客 完成 讲解 任务 特此 感谢 
1,历史悠久 地方 无论是 佛像 屋檐 雕工 精美 藏经阁 里 宝贝 环境 不错 
0,十里 画屏 太棒了 
1,中途 攀岩 米 距离 山顶 充满 挑战 女朋友 一起 攀岩 顶 满满的 成就感 克服 恐高 
1,景区 交通管理 不好 堵车 情况严重 建议 景区 游览车 私家车 分开 行驶 避免 道 景色 不错 性价比 高 总体 超赞 景色 美 物超所值 流连忘返 
1,每个 想 登顶 实现 梦想 大赞 老君山 景区 设施 两段 索道 四程 扶梯 脚程 需要 十里 画屏 一个半 小时 左右 平地 金顶 下来 十五分钟 阶梯 大部分 滑道 代替 带 老人 四个 小时 全程 不算 特别 辛苦 途中 看到 年迈 腿脚 不便 慢点 走 登 三个 金顶 其实 一天 不到 登上 山顶 感激 感慨 人造 设施 景区 交通 设计者 事后 回想 这趟 觉得 有多累 没有 太 轻松 最长 一段 平地 主要 问题 一段路 没有 指示 距离 路牌 走 走 已经 不能 回头 看不到 底 尤其 带 老人 知道 会 不会 连累 知道 前面 艰难 是不是 不能 克服 容易 担心 害怕 其实 需要 定时 一块 指示 一个 地标 距离 牌子 预期 一个 比较 煎熬 过程 变成 风景 轻松 散步 实际上 不远 段 路上 无数个 分叉 口 同样 没有 一个 标志 告知 其实 分叉 口 殊途同归 一边 直接 登山 道 一边 稍微 绕路 缓坡 本来 照顾 孱弱 人工 建设 缓坡 知情人 造成 迷惑 紧张 山上 包括 岔路 口 一个 工作人员 没有 问 无可 问 知道 走 哪条 道 真是 急煞 还好 路遇 带团 导游 好心 告知 这种 岔路 奥义 白白 无聊 担心 折腾 景色 没有 评价 夸张 步步 景 手机 难离 当天 多云 可能 有所 影响 没有 张家界 惊艳 可能 山色 看多 刁钻 觉得 抓人 眼球 地方 山顶 道家 建筑群 挺 特色 高 位置 似乎 仙气 尚算 值得 一去 
1,中午 怕 时间 来不及 买 两程 缆车 往返 小时 游完 老君山 主 景区 风景优美 可惜 阴天 有雾 看不清楚 风景 空气 
1,导游 服务 人员 态度 介绍 挺 详细 高兴 
1,关圣 墓地 古迹 值得 参拜 感觉 门票 有点 贵 
1,气势恢宏 壮观 大气 老君山 景区 不虚此行 
1,白云山 位于 洛阳市 嵩县 境内 既有 数不尽 瀑布 深潭 随处可见 险峰 奇石 原始森林 景观 空气清新 一个 天然 氧吧 景区 玉皇顶 海拔 约 米 中原地区 数一数二 高峰 日出 云海 绝佳 之地 自然景观 外 白云山 乌曼寺 云岩寺 玉皇阁 代表 人文景观 景区 面积 比较 时间 比较 充裕 建议 花 两天 时间 游玩 白云山 第一天 进入 景区 游览 白云峰 芦花 谷 九龙 瀑布 区域 选择 步行 索道 结合 当晚 住宿 中心广场 附近 中心广场 白云山 景区 中 住宿 最为 集中 区域 第二天 游览 黄山 玉皇阁 区域 登上 中原 极顶 玉皇顶 准备 玉皇顶 日出 第一天 晚上 住宿 玉皇阁 附近 景区 中有 食宿 点 很多 游客 爬山 时 带 零食 饮用水 
1,适合 带 小朋友 看看 
0,管理 很多 到位 地方 
1,总体 超赞 
1,历史 文化 古迹 洛阳 看看 
1,历史 古城 文雅 底蕴 丰厚 感受 历史 文化 
1,老君山 值得 一去 风景 宜人 天气 刚刚 
1,第二次 刷 多点儿 没 毛病 建议 先 看看 龙门 渠道 了解 一下 相关 知识 感觉 会 更好 能够 纵观 石窟 整个 历史 
0,电子 导游 性价比 不高 景点 设置 服务 有待 考量 慕名 肯定 不会 
1,洛阳 白马寺 景区 天下 禅宗 第一 祖庭 值得 一游 
1,远 赴 人间 惊鸿 宴 老君山 吃 泡面 目前 月份 山顶 冷 风大 月份 下雪 会 更 美 
1,自驾 过去 门口 直接 进去 索道 一定 坐 没 山上 吃 饭店 买 泡面 实现 老君山 吃 泡面 夜景 美有 震撼 
1,一个 旅游 值得 地方 推荐 
1,中午 讲解 没约 景区 电话 前两天 打想 问下 讲解 情况 人工 没 接 
1,携程 买大 通票 游 老君山 真的 方便 老君山 景色 太美 不虚此行 
1,整体 玩 下来 不错 
1,景色 黄山 
1,景色 不错 值得 推荐 
1,建议 请个 讲解 分钟 完 看个 热闹 
1,白马寺 白马 经而 得名 白马寺 我国 第一座 官建 寺庙 始建 东汉 公元 年 历来 认为 我国 佛教 释源 寺庙 齐 天塔 我国 第一座 佛塔 始建 东汉 重修 于金代 白马寺 山门 建于 明代 两边 石狮 宋代 牌楼 写 天下第一 古刹 彰显 古刹 历史 地位 
0,说实话 导游 讲得 真 地少 趣味性 之前 问说 讲 分钟 左右 实际上 讲 分钟 样子 问 讲 分钟 得到 答案 加上 自行 游览 时间 达到 分钟 导游 讲得 一般般 个人 觉得 导游 费不太符 
1,不错 性价比 高 值得 购买 推荐 一下 再接再厉 说 道理 
1,第一次 老君山 感觉 不错 天气 不好 天气 爬 顶层 感受 风景 
1,现场 感受 盛唐 气概 
1,卢舍那 大佛 隔 多年 依然 栩栩如生 晚上 灯光 衬托 周边 山势 交相辉映 以后 经常 夜景 希望 龙门石窟 一直 流传下去 
1,中原 大地 高地 平地 出高岭 气势恢宏 
1,讲解 导航系统 不会弄错 景点 声音 清晰 白马寺 值得一看 中国 佛教文化 博大精深 了解 很多 知识 
1,老君山 很漂亮 
0,热热 热人 众人 人人 人多热 窟窿 
1,东窟 西窟 值得 东窟 一定 不要 放弃 
1,老君山 景色 很美 山上 景色 有种 如临 仙境 感觉 值得 一游 开车 朋友 注意 千万 不要 游客 服务中心 坐 观光车 私人 每人 元 直接 开车 进 索道 口 收 停车费 元 游客 服务中心 坐车到 景区 门口 坐 景区 观光车 索道 口 每人 元 
1,景色 不错 性价比 高 假日 出游 好去处 
1,景色宜人 金顶 壮观 
1,不错 云南 景点 值得 一次 票价 稍微 有点 贵 
1,早就 想来 今天 终于 
1,雪景 中 老君山 真心 漂亮 仙境 感觉 心旷神怡 推荐 亲人 朋友 起来 玩来 玩个 一到 三天 
1,重要 提醒 千万 不要 阴雨天 老君山 山下 没有 雾气 山上 雾 看不到 云海 金顶 山树 看不到 工作人员 没有 提示 山上 一切正常 感觉 白去 门票 索道 每人 元 北京 往返 洛阳 高铁 元 洛阳 老君山 车费 油费 一共 元 不算 住宿 吃饭 一下 抖音 网红 景点 感觉 钱 白花 希望 老君山 景区 宣传 上面 下功夫 以外 工作人员 培训 方面 下点 功夫 多一点 阴雨天 提示 也许 更 人情味 一点 
1,索佳惠 导游 讲解 非常 不错 知识面 旁征博引 精选 几个 重要 洞窟 进行 精讲 人文景观 确实 需要 优秀 导游 深刻 感悟 龙门石窟 之旅 不虚此行 
1,不同 寺庙 不同 特点 感受一下 会 收获 
1,关二爷 全国 各地 寺庙 二爷 真正 长眠 之处 壮观 
1,方便快捷 
1,老君山 名不虚传 值得 看一看 
1,非常 周姐姐 负责 讲 非常 细致 真的 很涨 知识 特别 月 带 朋友 希望 周姐姐 讲解 
1,一个 有着 悠久 历史 佛教文化 圣地 展现 中国 汉传 佛教 历史 
1,白马寺 我国 佛教史 占有 重要 地位 尊为 释源 祖庭 年 历史 
1,道教 圣地 很多 传说 向往 
0,老君山 挺不错 不输 十大 名山 不愧 网红 打卡 地带 孩子 起来 愉快 喝 免费 豆腐汤 味道 整体 体验 很棒 下山 滑梯 值得 一试 
1,龙门石窟 挺 震撼 值得 一去 
1,上山 下山 坐 一级 往返 索道 一路上 走走停停 看看 历时 小时 爬 完 老君山 爬山 很累 过程 很爽 风景 美 一份 路上 心情 憧憬 
1,两次 古老 文化 源远流长 古今中外 
0,害怕 网络 不行 提前 下载 下来 老是 卡顿 无法 使用 
0,景点 景色宜人 环境优美 地理位置 优越 享受 清净 好去处 
1,洛阳 标志 景点 宏伟 震撼 奇迹 艺术 
1,值得一看 
1,传说 关公 衣冠 墓 设计 挺 古朴 
1,不错 壮观 
1,山路 崎岖 蜿蜒 陡弯 多路 较窄 建议 多数 自驾 很多 人会 上山 路上 晕车 晕车 早 用药 
1,龙门石窟 属于 世界 文化遗产 国家级 旅游 景区 景色 自然 没 说 龙门石窟 大佛 没有 亮灯 小时 从点 点 亮灯 没有 亮灯 有点 遗憾 希望 景区 做到 提前 告知 
1,中国 第一 古刹 唐玄奘 地方 值得 一去 
1,服务 细致 环境优美 
1,毕竟 号称 国内 第一个 官方 寺庙 建筑风格 中国 特色 值得 看看 
1,值得 一玩 
1,中国 最早 佛教 寺院 值得 一游 
1,好看 震撼 
0,景色 龙门石窟 展示 大气磅礴 风景 赢麻 太美 太棒了 
1,不错 山上 挺 凉快 避暑 地方 
1,白马寺 位于 河南省 洛阳市 中国 第一 古刹 世界 著名 伽蓝 始建 东汉 永平 十一年 佛教 传入 中国 兴建 第一座 官办 寺院 中国 越南 朝鲜 日本 欧美国家 释源 祖庭 
1,不错 地图 听 必须 戴着 耳机 
1,白马寺 总体 游览 感觉 两千多年 历史 沉寂 世界闻名 千年 古寺 里面 参观 外国 朋友 很多 寺 名树 影 看来 慕名而来 学习 礼佛 方面 知识 道理 心灵 一次 冲剂 洗涤 个人 老 寺院 特别 推崇 新 开发 部分 不太 欣赏 用时 大约 三 小时 寺院 周围 饮食 较贵 适合 游客 
1,中国 第一 寺 敬仰 久 值得 拜见 
1,看多 祖国 美丽 风景 老君山 非常 不错 值得 一游 
1,超 震撼 历史 人文景观 赞赞赞 没 找到 行李 寄存 地方 一路 返回 路上 电瓶车 
1,香火 人气 超好 很多 人来 拜拜 
0,喜欢 来来来 太美 太 好看 喜欢 
1,时机 算不上 多好 说不上 多坏 雪 将化 未化时 算是 赶上 雪 尾巴 夕阳 日出 惊艳 晴空 金殿 皓月 雪景 不错 第二天 看到 云海 算是 一种 幸运 下山 时起 雾 蒙蒙 雪花 飘 起来 有缘 下次 再见 
1,非常 
1,到达 山顶 看到 伏牛山 最高点 拍照片 景色宜人 道观 群 一到 美丽 风景线 太上老君 手里 如意 炼丹 具有 观赏价值 
1,不错 景色 分 东山 西山 两个 地方 地方 挺大 卢舍那 大佛 令人惊叹 唯一 可惜 时间 推移 好多 佛像 已经 变得 面目全非 
1,景区 世界 地质公园 非常 美步 道 非常 整洁 一路上 多椅 登供 游客 休息 可能 山里 经常 下雨 沿途 做 多个 避雨 庭 相当 人性化 最最 值得 点赞 服务区 沿途 没有 一个 小摊 感觉 无比 舒服 沿途 碰到 清洁工 友好 说 别急 慢慢 感觉 非常 舒心 
1,月 日 老君山 游玩 前一天 下雨 当天 阴天 上午 坐 缆车 上山 两边 美景 根本无法 看清 满眼 尽是 白 雾茫茫 云雾 缭绕 好像 置身 云端 晴天 应该 更好 
1,非常 震撼 文化 瑰宝 
1,值得 机会 再次 光临 会 推荐 朋友 
1,导游 讲解 非常 细致 到位 
1,龙门石窟 可谓 慕名 已久 特意 洛阳 感觉 不虚此行 天地 岁月 佛像 静谧 安详 面容 中有 大美 不言 过往 沧桑 尽逝 徒留 观者 怅然 
1,景色 不错 空气质量 优良 值得 推荐 地方 
1,原以为 一个 普通 寺庙 没想到 建筑 三国 特色 太棒了 
1,碰巧 小雨 幸好 携程 提前 买票 优惠 省去 排队 买票 清明节 很多 特别 坐 缆车 中 天门 排 一个半 小时 走走 玩玩 欣赏 山上 雪 挺 美 爬 金顶 拜拜 老君庙 祈福 一次 美好 旅程 
1,白马寺 非常 著名景点 寺庙 布局 严谨 古朴 大气 美观 寺外 广场 石牌坊 放生池 石拱桥 对称 分布 两匹 石马 非常 逼真 
1,正逢 牡丹花 季到 洛阳 游玩 白马寺 牡丹 出乎意料 美 携程 导游 讲解 到位 白马 伏经 夹 干漆 四十二章 比丘尼 狄公齐 云塔 打卡 成功 
0,景色 挺 美的 门票 贵 全程 缆车 扶梯 下来 便宜 
1,景色 很棒 赶上 人少 更好 
1,可能 去过 地方 太多 古庙 这类 古建筑 审美疲劳 门票 人性化 说明 套票 包括 三个 景点 一个 国际 寺庙 景观 一个 白马寺 一个 齐云塔 觉得 国际 寺庙 好看 
1,白马寺 下午 不拉太挤 建议 早上 
1,唐僧 取经 存放 历史 古迹 推荐 
1,值得 导游小姐 姐 善心 美 关键 漂亮 
1,想 孩子 深度 了解 预约 小时 师 说 讲解 刚好 西山 石窟 讲完 导游 姓 潘 态度 脾气 讲解 非常 细致 知识面 丰富 拓展 很多 石窟 背景 故事 完全 值回 票价 听 讲解 走马观花 看看 真的 感觉 白去 会 漏掉 很多 有趣 细节 
1,非常 喜欢 
1,不错 地方 去过 多次 推荐 
1,总体 超赞 景色 不错 
0,景区 管理 服务 有待 加强 推荐 
1,大美 老君山 
1,白马寺 一个 皇家 寺庙 进寺 以后 体会 佛家 特有 清幽 安静 外面 车水马龙 形成 鲜明对比 里边 很多 修行 僧人 前来 参拜 香客 一炷香 许下 心愿 
1,值得 看看 地方 世界 地质公园 国家 地质公园 国家级 自然保护区 省级 文物 重点保护 单位 省级 风景 名胜区 中国 北方 道教 信众 拜谒 圣地 中原 山水 文化 杰出代表 
1,值得 人太多 
1,非常 棒 不愧 四大 著名 石窟 文化底蕴 深厚 洛阳 瑰宝 人类 瑰宝 非常 美 工艺 非常 精美 仿佛 回到 时代 很棒 
0,武则天 庞而 闻名 古都 洛阳 香火 颗心 值得 看看 
1,下山 通道 没有 明确 标出来 坐 索道 徒步 下山 真坑 几公里 
1,十里 画廊 真的 美 登高望远 现在 金顶 云卷云舒 爬山 辛苦 一切都是 值得 全程 走 探险 路 看不到 风景 超级 赞 
1,老君山 山顶 仿佛 仙境 美不胜收 
1,凉快 景色 美 不虚此行 做 一级 索道 往返 后面 走 十里 画坪 风景 坐 电梯 直达 金鼎 赶上 老君山 云海 挺 山上 特别 凉快 
1,索佳惠 导游 解说 专业 丰富 趣味 生动 声音 好听 
1,山清水秀 风景秀丽 休闲 娱乐 绝对 好去处 山美水 美人 更 美 当地人 厚道 服务 老君山 必须 语言 无法 描述 魅力 必须 
1,旅游 文创 内卷 吃 完 惊喜 
1,很赞 讲解 细致 
1,慕名而来 老君山 旅游 不虚此行 身上 云雾 缭绕 身入 仙境 值得 推荐 有趣 好玩 景色 不错 体验 
1,价格 算 
1,讲解员 小丙 专业 提前 做 很多 准备 工作 准备 石窟 破坏 照片 分享 尤其 很多 专业 石窟 保护 知识 分享 感受 石窟 热爱 真 心想 一位 游客 爱上 龙门石窟 讲解 令人难忘 下次 会 夜游 龙门石窟 会 推荐 更 上海 朋友 参加 讲解 线路 感恩 
1,年 最后 一天 年 第一天 老君山 缆车 半山腰 爬山 爬山 辛苦 值得 特别 最后 三个 金顶 实在 太美 积雪 会 更 美 
1,致敬 关羽 武 圣人 不论什么 阶层 人士 仰仗 从殿 摆 奉 贡品 感受 
0,非常 不错 美 
1,值得 推荐 看看 洛阳 著名景点 交通 便利 路 公交车 火车站 直达 寺 新修 多处 外国 寺庙 建筑 外籍 僧侣 游人 合影留念 
1,自然 风光秀丽 风景名胜 风景区 心中 最美 风景 
1,河南 寺庙 众多 名气 挺大 其实 差不多 
1,不愧 古都 洛阳龙门石窟 好久 想来 看看 
1,车位 充足 停车 便利 景区 里面 步行街 里面 好吃 好玩 应有尽有 
1,龙门石窟 推荐 游玩 
1,十月 五号 好多天 雨 山上 冷 雾气 比较 九龙 瀑布 气势 二千多 级 台阶 比较 考验 体力 
1,历史 底蕴 景点 非常 值得 一去 游览 两个 小时 左右 
1,景色 
0,说 洛阳 性价比 最差 景点 门票 里面 请香处 价格 高 离谱 太 商业化 香火 没有 想象 中 旺 基本 没人 买票 时 遇到 二个 学生 模样 听说 门票 犹豫 离开 白马寺 门票 请 香处 价格合理 景点 很大 慢慢 参观 二 小时 左右 淡季 香火 不错 估计 初一 十五 会 爆满 关林 多半 小时 足够 性价比 太 差 从小 就读 三国 关羽 墓地 想来 看看 景区 管理 心寒 知道 关老爷 里面 是否 开心 
1,洛阳 行 真的 说走就走 白马寺 寺庙 迷 向往 想 千年 古刹 最早 寺 历史 里面 很大 区域 泰国 印度 修行 真的 遇见 佛 遇见 更好 觉得 值 没 失望 
1,中国 最有 历史 寺庙 值得 看看 
1,伏牛山 中 最美 山峰 紧邻 栾县 县城 山势 险峻 全程 索道 步道 
1,曹操 关羽 首级 厚葬 此后 历代 对此 有所 营建 景区 内部 文庙 一类 关羽 中心 塑像 关平 周仓 赤兔马 随便 看看 里面 走 汉寿 亭 侯墓 前 拜谒 一下 忠义 之魂 千古 留 可能 关羽 民间 财神 文化 烧香 特多 门口 旧 市区 摊子 特别 多人 非常 杂乱 搞 门 不大好 找 
1,白马寺 中国 第一 古刹 洛阳市 佛教 传入 中国 兴建 第一座 官办 寺院 
1,景真 好看 
1,金碧辉煌 庙宇 讲经 念佛 
1,距离 二广 高速公路 出口 很近 交通 方便 停车场 标准 收费 景区 环境保护 门票 元 费用 不高 服务 总体 印象 不错 
1,约 上午 点点 左右 标注 讲解 一个 小时 讲解 分钟 讲解 小姑娘 最近 约 好多 讲解 这是 遇到 第一个 坑 
1,坐 索道 直接 中 天门 爬 非常 快 山顶 山顶 路 大多 平坦 十里 画廊 一路 惊喜 道观 群 更是 雄伟 神奇 
1,白马寺 中国 第一 古刹 世界 著名 伽蓝 佛教 传入 中国 官办 第一座 寺院 中外 佛教界 誉为 释源 祖庭 白马寺 座 北面 南 总面积 二百余 主体 建筑 天王殿 大佛殿 大雄殿 接引 殿 毗 卢阁 五层 殿堂 中国 第一 释迦 舍利塔 
0,热 里边 东西 好贵 
1,风景优美 二山 之间 河流 门前 流过 
1,白马寺 中国 第一 寺庙 值得 一去 
1,很久很久 以前 去过 知道 现在 
0,一般般 没有 太 亮点 
0,很多 佛像 破坏 没 评价 兴趣 看看 没 兴趣 别去了 
1,希望 增加 行李 寄存 点 
0,山上 饭店 菜价 高 味道 也般 
1,景色 好看 早上 八点 坐 两段 索道 玩 下午 两点 建议 中灵 索道 一定 坐 盘山公路 问 爬上来 三个 钟头 路滑 好看 景色 全在 山顶 山上 景色 迷人 风 很大 绝对 不妄 此行 十里 画屏 金顶 惊叹 留恋忘返 适合 多次 旅行 领略 不同 季节 美景 
1,传统 景点 气势磅礴 景区 外面 乱糟糟 白马寺 干净 卫生 秩序 
1,非常 值得一看 非常 震撼 非常 内涵 很多 遗憾 惋惜 中国 人民 文化 瑰宝 匠 高超 技艺 展现 凌厉 精致 唐代 文化 当时 国家 昌盛 提现 
1,白马寺 中国 官办 第一座 古寺 其内 安放 释迦 摩尼 佛祖 舍利子 香火 鼎盛 更 佛教文化 展 白马寺 招牌 景观 朱红色 寺院 门墙 院前 石质 白马 寺庙 古朴 三进 院落 宽阔 房舍 掩映 绿树 之中 低调 安静 寺 管理 没有 香烛 兜售 情况 香烛 白马寺 景区 外 自购 寺 不见 喧哗 静静的 烧香 偶有 鸽子 头顶 飞过 白马寺 边上 新建 印度 泰国 缅甸 佛教文化 园 建筑 新 其实 感觉 没什么 意思 逛逛 
0,买 元 团票 导游 打电话 说 含 门票 订单 退单 相差 分钟 退单 元 表示 理解 找 客服 客服 过来 差评 客服 过来 
1,老君山 之游 出乎 预期 景区 十分 成熟 路线 规划 标识 服务区 设置 价格 非常 关键 景色宜人 温度 宜人 走 多步 不累 携程 门票 取用 方便 优惠 加个 说明 下面 一程 两条 索道 互用 
1,值得 推荐 景区 大气 管理 服务 不错 不愧为 南 武当 金顶 北 老君 铁顶 之称 
1,佛教 祖庭 佛教 传入 中国 第一家 皇家 寺院 洛阳 市区 东 公里 处 香火 很旺 院内 狄仁杰 墓 
0,河南 非常 值得 一去 景点 山顶 景色 美 
0,历史悠久 中华 宝藏 
1,雪中 老君山 犹如 仙境 云雾 缭绕 感觉 成为 一种 朦胧 美 意外 收获 雾凇 整体 感觉 不错 金顶 道观 群给 印象 深刻 金碧辉煌 金殿 眼前一亮 机会 夏天 一次 
1,这位 潘 老师 讲 专业 详细 有意思 那种 导游 讲解 学生 收获 全程 招呼 孩子 唯恐 孩子 挤 远 听 不到 领 孩子 龙门石窟 考虑 选 这位 老师 真的 不虚此行 龙门石窟 细致 讲解 更加 历史 色彩 潘 老师 点赞 感觉 之前 音里 大师级 讲师 体验 度 更好 
0,历史 沧桑感 年轮 感是 中华文化 艺术 辉宝 视觉 强烈 冲击 特别 卢舍那 大佛 雕刻 雕刻 艺术 巅峰 制作 五人 左右 更 适合 选个 官方 导游 讲 更 更 全 互动 更 
0,讲解 完全 所谓 师讲 随团 大部分 成年人 没有 性质 外围 等待 小朋友 讲解 完 鲤鱼 跳龙门 
0,一个 大佛 好像 没 内容 少 不值 票价 
1,讲得 非常 详细 非常 导游 准备 很多 老照片 分享 特别 用心 
1,山顶 景色 蛮 美的 
1,创建 东汉 永平 十一年 佛教 传入 中国 兴建 第一座 官办 寺院 保存 三世佛 二天 十八罗汉 弥足珍贵 
1,唐代 有名 寺庙 洛阳 有名 景区 
1,经常 游玩 满意 满意 
1,不错 挺 验票 省事 不用 排队 买票 直接 二维码 验证 票 价格 景区 买 上面 优惠 块钱 下次 买 
1,无数次 老君山 不想 走 特别 下雨天 云雾 缭绕 犹如 仙境 冬季 雪景 更是 迷煞 世人 中原 最高峰 道教 圣地 越来越 知道 地方 神往 
1,游玩 朋友 请问 坐 轮椅 能转 云台山 景区 
1,破坏 很多 依然 看出 古人 精湛 技艺 感触 颇深 值得一看 
1,值得 一趟 车 开 索道 
1,性价比 高 总体 超赞 
1,第三次 来到 龙门石窟 带 老婆 孩子 一起 适宜 气候 震撼 大佛 伊河 两岸 青山绿水 心情 格外 愉悦 可惜 疫情 放开 第一个 长假 外出 旅游 实在 太多 太多太多 景区 里 根本 走不动 体验 感差 点 
1,想 看好 风景 一个 天气 
1,网上 买要 线下 便宜 线下 门票 缆车 网上 买 两个 加在一起 
1,震撼 景色 不错 
1,地方 老君山 很近 老板 热情 接送 老君山 服务 特别 房间 干净 整洁 不错 选择 推荐 老君山 旅游 住 经济 实惠 
0,一定 避开 旅游 高峰期 大热天 建议 超级 超级 热 走路 走 走不动 地步 
1,很大 历史悠久 古刹 非常 
1,一日游 景点 里 包含 不太会 特意 门票 性价比 不高 
1,白马寺 知名 景点 意外 門票 只元 景点 门票 便宜 裡面 没有 厚重 商业 气息 参观 起来 感觉 舒适 附近 狄仁杰 墓 就近 看看 
1,景区 值得 找 导游 讲解 觉得 懂 没意思 
1,老君山 秦岭 余脉 八百里 伏牛山 主峰 老君山 景区 开发 建成 八大 景区 景点 集 山水 景观 道教 文化 一体 标志性 景区 马鬃岭 老君山 主峰 观赏 老君山 自然风光 最佳 处 
1,坐 公交车 白马寺 堵车 约定 时间 晚 一点 周 导游 耐心 告诉 路线 周 导游 非常 全程 讲解 耐心 细致 帮忙 拍照 比较 少 一对一 哈哈哈 导游 只带 一个 周 导游 讲解 了解 好多 历史 人文景观 必要 人工 讲解 白马寺 不愧 第一 古刹 
1,确实 雄伟 景色 特别 美 可惜 没有 顶端 
1,真正 历史 底蕴 风景 集合 一起 景点 特别 做 短片 感觉 道家 亲近感 
1,超级 推荐 整个 行程 喜欢 景点 门票 便宜 景区 关键 静得 下心 正好 赶上 和尚 上课 唱经 声音 特别 好听 
0,导游 孟姐 讲 相当 了解 很多 龙门石窟 信息 非常 愉快 一次 体验 
1,自驾 非常 方便 出 景区 坐 元 观光车 值得 推荐 
1,仙山 楼阁亭台 错落 嘈杂 中 此景 天上 月 
1,毕竟 中华 第一 古刹 值得 一趟 白马寺 洛阳 市区 不算 远 租车 开 过去 半个 小时 样子 游客 参观 体验 不错 
1,白马寺 环境 不错 氛围 
1,真的 不错 景色宜人 玩 开心 
1,官方 第一 寺 看头 看看 
1,太爱 太漂亮 简直 人间 仙界 
1,白云山 九龙 瀑布 壮观 空气 清新 宝藏 景区 大人 小孩 体验 登山 乐趣 看到 巍峨 大山 飞流直下 瀑布 下次 
1,白马寺 医务人员 没有 优惠 突出 意外 地方 确实 岁 免票 
1,中国 佛教 发源地 释源 祖庭 白马寺 东汉 永平 七年 公元 年 汉明 帝刘庄 因夜 梦金人 遣使 西域 拜求 佛法 东汉 永平 十年 公元 年汉使 印度 二 高僧 迦叶 摩腾竺 法兰 白马 驮载 佛经 佛像 抵达 洛阳 汉明帝 躬亲 迎奉 东汉 永平 十一年 公元 年 汉明帝 敕令 洛阳 门外 建 僧院 铭记 白马 驮 经之功 寺院 取名 白马寺 白马寺 佛教 传入 中国 兴建 第一座 官办 寺院 故有 中国 佛教 释源 祖庭 之称 
1,寺 环境 香火 很旺 没有 交易 买卖 想 香 拜佛 记得 准备 香 带进去 
0,人文 气息 浓厚 一去 没什么 亮点 
1,有趣 好玩 
1,洛阳 二个 小时 车程 出示 洛康码 预约 码 驾到 索道 停车场 景区 管理 规范 一段 索道 必须 坐 体力 坐 二段 云峰 索道 山顶 基本上 一个 环线 最后 登上 金顶 二个 
1,网红 老君山 非常 漂亮 好多 年轻人 打卡 
1,不错 景区 
1,岁 老年人 免 门票 老年人 出游 方便 不赶 节假日 出游 惬意 真的 非常 满意 
0,节假日 很多 管理 毫无 秩序 车 随意 开门 排队 一拥而上 
1,河南省 境内 数一数二 高山 勇气 山下 一路 爬上来 用时 一天 建议 乘坐 索道 上山 一米 以下 小朋友 免费 十里 画屏 不错 山势 险峻 秀丽 山上 注意安全 特别 带 小孩 
0,省内 山 没太大 区别 
0,无法 换取 门票 报销 只能 开发票 
1,关羽 庙 关羽 首级 埋葬 处拜 财神 地方 
1,景色 优美 厕所 点 足够 干净 整洁 
1,没下 定位 很准 
0,景色 河南 洛阳市 白马寺 中国 最早 佛教 寺院 白马寺 有着 悠久 历史 洛阳 旅游 打卡 胜地 趣味 非常 值得 游览 观光 性价比 性价比 超高 
1,老君山 交通 便利 进入 性强 洛阳 机场 公里 紧邻 洛栾 快速通道 景区 铺设 三级 水泥 公路 公里 行步 道 公里 玉皇顶 登 南天门 仙人桥 进 老君庙 巍峨 肃穆 犹如 进入 道教 仙界 之感 西峡 追梦谷 中 飞泉 流瀑 茂林 遮天 大自然 神韵 之美 有如 梦幻 意境 中 
1,雨后 雾 仙境 十里 画屏 云海 奇观 不来 会 后悔 做 两段 缆车 觉得 非常 必要 转 下来 三 小时 往返 觉得 累有 租 衣服 走 下来 没 觉得 冷 山顶 小雨 微凉 备件 雨衣 必要 三 五元 停车场 小商店 门口 卖 不贵 体验 值得 推荐 景色 不错 有趣 好玩 
0,商业化 严重 实际 便 贵 
1,非常 值得 推荐 
1,总体 行 县城 住宿 性价比 不错 吃 东西 性价比 不错 
1,关公 庙来 雕像 宏伟 趣味性 环境 
1,特别 漂亮 听说 晚上 更好 一边 石窟 另一边 岸 隔岸 观 石窟 好看 建议 西门 下车 进入 租个 电子 讲解 押金 一路 向前 走回头路 
1,体验 感 非常 正好 遇到 端午节 暖心 送 礼物 每天 会 水果 店里 每个 非常 热情 真诚 洛阳 小伙伴 建议 洛阳 一定 住 这家 酒店 非常 满意 
1,景色 挺美 喜欢 地方 孩子 
1,远 赴 远 赴 人间 惊鸿 宴 一睹 人间 盛世 颜 
1,行 毕竟 真正 古董 看着 震撼 
1,洛阳 太热 春秋 冬 西北 门进 停车场 
1,不错 挺 
1,不错 东南亚 风格 场地 很大 适合 拍照 第一次 疫情 没有 开门 非常 遗憾 第二次 第一个 目的地 白马寺 推荐 参观 游览 
1,不错 市里 公交车 以前 价格 元 现在 知道 涨 没有 
1,比较 方便 景点 中有 免费 扫码 介绍 
1,中国 四大 石窟 现在 修缮 更加 体现 内涵 神韵 无论是 剪刀手 佛像 卢舍那 大佛 无不 惟妙惟肖 神态 动人 震撼 敬仰 不愧 世界 文化遗产 国之魁宝 百看不厌 百听 讲解 不厌 整整 一天 特别 推荐 传世之作 万佛洞 门口 观音像 石窟 一绝 
1,景色 不输 黄山 险峻 合理 可惜 天气 不好 金顶 没有 看到 寺庙 开门 疫情 爬山 累 大多数 山上 栈道 缆车 加 门票 
1,看到 大佛 震撼 不虚此行 
1,春秋时期 公认 道教 始祖 老子 李耳到 归隐 修炼 成为 道源 金顶 道观 群 十里 画屏 感到 自然 威力 人类 力量 鬼斧神工 
1,不错 值得 一去 
1,白马寺 中国 第一 古刹 佛教 传入 中国 兴建 第一座 官办 寺院 整个 寺庙 布局 规整 风格 古朴 白马寺 坐北朝南 一长形 院落 总面积 约 万平方米 主要 建筑 天王殿 大佛殿 大雄宝殿 接引 殿 毗 卢阁 五 重大 殿 四个 大院 东西 厢房 寺 保存 大量 元代 夹 纻 干漆 造像 三世佛 二天 十八罗汉 弥足珍贵 
1,洛阳 必去 景区 市中心 公里 多路 公交车 利用 河南 景区 免票 优惠 全程 台阶 需要 体力 精华 景点 西山 石窟 东边 香山寺 看看 全程 下来 三个 小时 差不多 
1,不错 不错 不错 不错 不错 不错 不错 不错 不错 不错 不错 不错 
1,释迦 摩尼 详细 了解 一下 
1,河南省 洛阳市 洛龙区 关林镇 关林庙 主要 建筑 舞楼 大门 仪门 平安 殿 财神 殿 春秋 殿 关林庙 成为 海内外 华人 谒拜 圣域 驰名中外 旅游胜地 
1,中国 第一 古刹 世界 著名 伽蓝 佛教 传入 中国 兴建 第一座 官办 寺院 中国 佛教 祖庭 释源 之称 
0,商业化 太 浓 掩盖 寺庙 应有 清幽 宁静 
1,龙门石窟 世界 文化遗产 值得一看 
1,白马寺 我国 第一 古剎 寺院 很大 景点 外面 商业 气息 太 浓厚 寺庙 里 东南亚国 代表 佛教 寺庙 各国 捐献 泰国 缅甸 印度 看到 不同 国家 建筑 佛教文化 
1,历史悠久 空余 时间 一定 看一看 
0,真 可谓 山路 十八弯 前 几天 刚下 大雪 工作人员 已经 做好 各项 工作 司机 师傅 开 稳稳当当 特别 热心 大大的 赞 
1,景色 超级 美的 一个 地方 门票 贵 
1,老君山 真的 风景 宜人 特别 坐落 海拔 最高处 金顶 说 磅礴 大气 登 山顶 云雾 缭绕 特别 冷对 上面 一个 玻璃 观景台 很大 度假 老君山 一定 一个 不错 选择 
1,景色 不错 白云 缭绕 十一 天气 不好 下着雨 环境 确实 
1,到底 级 景区 自然景观 优美 漂亮 瀑布 水 很大 打算 一天 旅程 景色 实在 太 美 景区 内多 一晚 避暑胜地 景区 管理 正规 不错 
1,中国 第一 古刹 真的 历史感 古刹 大门 清凉 台 逐级 升高 寓意 步步高升 清凉 台为 东汉 帝王 刘秀 读书 场所 最高 清凉 台 寓意 帝王 权利 至高无上 不可 超越 导游 讲 清楚 有意思 通俗易懂 
